,dataset_id,cell_type,n_cell_types,n_cells,n_donors,min_cells_per_celltype,n_cells_per_donor,n_diseases,diseases
0,c7775e88-49bf-4ba2-a03b-93f00447c958,"['B cell' 'CD14-low, CD16-positive monocyte' 'CD14-positive monocyte'
 'CD16-negative, CD56-bright natural killer cell, human'
 'CD16-positive, CD56-dim natural killer cell, human'
 'CD34-positive, CD38-negative hematopoietic stem cell'
 'CD8-positive, alpha-beta T cell' 'ILC1, human' 'IgA plasma cell'
 'IgG plasma cell' 'IgM plasma cell' 'T follicular helper cell'
 'T-helper 22 cell' 'central memory CD4-positive, alpha-beta T cell'
 'class switched memory B cell' 'dendritic cell' 'dendritic cell, human'
 'effector CD8-positive, alpha-beta T cell'
 'effector memory CD4-positive, alpha-beta T cell'
 'effector memory CD8-positive, alpha-beta T cell' 'erythrocyte'
 'erythroid progenitor cell, mammalian' 'gamma-delta T cell'
 'immature B cell' 'mature NK T cell' 'mucosal invariant T cell'
 'myeloid dendritic cell' 'naive B cell'
 'naive thymus-derived CD4-positive, alpha-beta T cell'
 'naive thymus-derived CD8-positive, alpha-beta T cell'
 'natural killer cell' 'plasmablast' 'plasmacytoid dendritic cell'
 'platelet' 'unswitched memory B cell']",35,642366,120,585,5353,3,['COVID-19' 'normal' 'respiratory system disorder']
1,1e6a6ef9-7ec9-4c90-bbfb-2ad3c3165fd1,"['B cell' 'CD1c-positive myeloid dendritic cell'
 'CD4-positive, alpha-beta T cell' 'CD8-positive, alpha-beta T cell'
 'alveolar macrophage' 'bronchus fibroblast of lung'
 'capillary endothelial cell' 'classical monocyte' 'club cell'
 'conventional dendritic cell' 'dendritic cell'
 'endothelial cell of lymphatic vessel' 'epithelial cell of lung'
 'fibroblast of lung' 'macrophage' 'malignant cell' 'mast cell'
 'multi-ciliated epithelial cell' 'myeloid cell' 'natural killer cell'
 'neutrophil' 'non-classical monocyte' 'pericyte' 'plasma cell'
 'plasmacytoid dendritic cell' 'pulmonary alveolar type 1 cell'
 'pulmonary alveolar type 2 cell' 'pulmonary artery endothelial cell'
 'regulatory T cell' 'smooth muscle cell' 'vein endothelial cell']",31,922271,203,1450,4543,3,"['lung adenocarcinoma' 'non-small cell lung carcinoma'
 'squamous cell lung carcinoma']"
2,b61a921b-7fa3-4b42-b455-aaaf32447920,"['B cell' 'CD4-positive, alpha-beta T cell'
 'CD8-positive, alpha-beta T cell' 'T cell'
 'alternatively activated macrophage' 'blood vessel smooth muscle cell'
 'bronchiolar smooth muscle cell' 'bronchus fibroblast of lung'
 'chondrocyte' 'ciliated columnar cell of tracheobronchial tree'
 'conventional dendritic cell' 'deuterosomal cell'
 'endothelial cell of lymphatic vessel' 'fibroblast'
 'lung microvascular endothelial cell' 'macrophage' 'mast cell'
 'mature NK T cell' 'monocyte' 'natural killer cell' 'pericyte'
 'plasma cell' 'pulmonary alveolar type 2 cell'
 'pulmonary capillary endothelial cell' 'respiratory basal cell'
 'respiratory goblet cell' 'respiratory suprabasal cell'
 'tracheobronchial serous cell' 'unknown'
 'vascular associated smooth muscle cell'
 'vein endothelial cell of respiratory system']",31,107443,17,502,6320,2,['chronic obstructive pulmonary disease' 'normal']
3,7bb64315-9e5a-41b9-9235-59acf9642a3e,"['CD4-positive helper T cell' 'IgA plasma cell' 'IgG plasma cell'
 'P/D1 enteroendocrine cell' 'activated CD8-positive, alpha-beta T cell'
 'endothelial cell of artery' 'enterocyte' 'enteroendocrine cell'
 'epithelial cell of esophagus' 'erythrocyte' 'fibroblast'
 'foveolar cell of stomach' 'gamma-delta T cell' 'intestine goblet cell'
 'macrophage' 'mast cell' 'memory B cell' 'memory T cell' 'monocyte'
 'mucous neck cell' 'natural T-regulatory cell' 'natural killer cell'
 'peptic cell' 'stem cell' 'type G enteroendocrine cell' 'unknown'
 'vein endothelial cell']",27,276686,57,528,4854,4,"['Barrett esophagus' 'gastric cancer' 'gastric intestinal metaplasia'
 'gastritis' 'normal']"
4,d8da613f-e681-4c69-b463-e94f5e66847f,"['B cell' 'CD4-positive, alpha-beta T cell'
 'CD8-positive, alpha-beta T cell' 'alveolar adventitial fibroblast'
 'alveolar macrophage' 'capillary endothelial cell' 'club cell'
 'dendritic cell' 'endothelial cell' 'endothelial cell of artery'
 'epithelial cell' 'fibroblast' 'lung ciliated cell' 'lung goblet cell'
 'macrophage' 'mast cell' 'monocyte' 'mucus secreting cell'
 'natural killer cell' 'neuron' 'pericyte' 'plasma cell'
 'pulmonary alveolar type 2 cell' 'regulatory T cell'
 'respiratory basal cell' 'tracheobronchial smooth muscle cell'
 'vein endothelial cell']",27,115554,27,534,4280,2,['COVID-19' 'normal']
5,2a498ace-872a-4935-984b-1afa70fd9886,"['B cell' 'CD16-negative, CD56-bright natural killer cell, human'
 'CD4-positive helper T cell' 'CD4-positive, alpha-beta cytotoxic T cell'
 'CD8-positive, alpha-beta cytotoxic T cell'
 'central memory CD8-positive, alpha-beta T cell'
 'class switched memory B cell' 'classical monocyte'
 'conventional dendritic cell'
 'effector memory CD8-positive, alpha-beta T cell'
 'effector memory CD8-positive, alpha-beta T cell, terminally differentiated'
 'gamma-delta T cell' 'hematopoietic precursor cell' 'mature NK T cell'
 'mucosal invariant T cell' 'naive B cell'
 'naive thymus-derived CD4-positive, alpha-beta T cell'
 'naive thymus-derived CD8-positive, alpha-beta T cell'
 'natural killer cell' 'non-classical monocyte' 'plasma cell'
 'plasmacytoid dendritic cell' 'platelet' 'regulatory T cell' 'unknown']",25,338686,69,463,4908,3,['COVID-19' 'normal' 'post-COVID-19 disorder']
6,edc8d3fe-153c-4e3d-8be0-2108d30f8d70,"['CD16-negative, CD56-bright natural killer cell, human'
 'CD4-positive, alpha-beta memory T cell'
 'CD8-positive, alpha-beta memory T cell' 'Langerhans cell'
 'alternatively activated macrophage'
 'basal cell of epithelium of trachea' 'ciliated cell' 'club cell'
 'dendritic cell' 'duct epithelial cell' 'macrophage' 'memory B cell'
 'monocyte' 'multi-ciliated epithelial cell' 'naive B cell' 'naive T cell'
 'neutrophil' 'plasma cell' 'pulmonary ionocyte' 'secretory cell'
 'squamous epithelial cell' 'tracheal goblet cell' 'unknown']",23,231726,74,514,3131,2,['COVID-19' 'normal']
7,9fcb0b73-c734-40a5-be9c-ace7eea401c9,"['B cell' 'T cell' 'T-helper 17 cell' 'capillary endothelial cell'
 'conventional dendritic cell' 'endothelial cell of artery'
 'endothelial cell of lymphatic vessel' 'endothelial cell of venule'
 'fibroblast' 'gamma-delta T cell' 'helper T cell' 'keratinocyte'
 'macrophage' 'mast cell' 'mature NK T cell' 'mucosal invariant T cell'
 'natural killer cell' 'neutrophil' 'pericyte' 'plasma cell'
 'plasmacytoid dendritic cell' 'regulatory T cell'
 'vascular associated smooth muscle cell']",23,105440,34,583,3101,3,['gingivitis' 'normal' 'periodontitis']
8,e7c5ba7e-4be0-4696-af50-a07d0dc7aac5,"['CD8-positive, alpha-beta memory T cell, CD45RO-positive' 'Schwann cell'
 'basal cell' 'basal cell of epidermis' 'chondrocyte'
 'conventional dendritic cell' 'cytotoxic T cell' 'dendritic cell'
 'endothelial cell of lymphatic vessel'
 'endothelial cell of vascular tree' 'fibroblast' 'helper T cell'
 'innate lymphoid cell' 'macrophage' 'mast cell' 'melanocyte of skin'
 'monocyte' 'natural killer cell' 'pericyte' 'plasma cell'
 'plasmacytoid dendritic cell' 'regulatory T cell'
 'suprabasal keratinocyte']",23,137986,28,502,4928,2,['basal cell carcinoma' 'normal']
9,dea717d4-7bc0-4e46-950f-fd7e1cc8df7d,"['B cell' 'T cell' 'conventional dendritic cell' 'cytotoxic T cell'
 'endothelial cell' 'epithelial cell of proximal tubule'
 'kidney collecting duct intercalated cell'
 'kidney collecting duct principal cell'
 'kidney connecting tubule epithelial cell'
 'kidney distal convoluted tubule epithelial cell'
 'kidney interstitial alternatively activated macrophage'
 'kidney interstitial cell'
 'kidney loop of Henle thick ascending limb epithelial cell'
 'kidney loop of Henle thin ascending limb epithelial cell'
 'kidney loop of Henle thin descending limb epithelial cell'
 'mature NK T cell' 'monocyte' 'mononuclear phagocyte'
 'natural killer cell' 'non-classical monocyte' 'parietal epithelial cell'
 'plasma cell']",22,224146,77,527,2911,3,['acute kidney failure' 'chronic kidney disease' 'normal']
10,3c75a463-6a87-4132-83a8-c3002624394d,"['CD16-negative, CD56-bright natural killer cell, human'
 'CD16-positive, CD56-dim natural killer cell, human'
 'CD4-positive, alpha-beta memory T cell'
 'CD8-positive, alpha-beta memory T cell'
 'activated CD4-positive, alpha-beta T cell'
 'activated CD8-positive, alpha-beta T cell' 'classical monocyte'
 'conventional dendritic cell'
 'effector memory CD8-positive, alpha-beta T cell'
 'effector memory CD8-positive, alpha-beta T cell, terminally differentiated'
 'gamma-delta T cell' 'intermediate monocyte' 'macrophage' 'memory B cell'
 'mucosal invariant T cell' 'naive B cell'
 'naive thymus-derived CD4-positive, alpha-beta T cell'
 'naive thymus-derived CD8-positive, alpha-beta T cell'
 'non-classical monocyte' 'plasma cell' 'regulatory T cell'
 'type I NK T cell']",22,94519,18,524,5251,2,['common variable immunodeficiency' 'normal']
11,a12ccb9b-4fbe-457d-8590-ac78053259ef,"['B cell' 'T cell' 'endothelial cell' 'epithelial cell of proximal tubule'
 'kidney collecting duct intercalated cell'
 'kidney collecting duct principal cell'
 'kidney connecting tubule epithelial cell'
 'kidney distal convoluted tubule epithelial cell'
 'kidney interstitial alternatively activated macrophage'
 'kidney interstitial fibroblast'
 'kidney loop of Henle thick ascending limb epithelial cell'
 'kidney loop of Henle thin ascending limb epithelial cell'
 'kidney loop of Henle thin descending limb epithelial cell'
 'mature NK T cell' 'mononuclear phagocyte' 'non-classical monocyte'
 'parietal epithelial cell' 'plasma cell' 'podocyte'
 'renal interstitial pericyte']",20,303703,80,635,3796,3,['acute kidney failure' 'chronic kidney disease' 'normal']
12,c2876b1b-06d8-4d96-a56b-5304f815b99a,"['L2/3-6 intratelencephalic projecting glutamatergic neuron'
 'L5 extratelencephalic projecting glutamatergic cortical neuron'
 'L6b glutamatergic cortical neuron' 'VIP GABAergic cortical interneuron'
 'astrocyte of the cerebral cortex'
 'caudal ganglionic eminence derived interneuron'
 'cerebral cortex endothelial cell'
 'chandelier pvalb GABAergic cortical interneuron'
 'corticothalamic-projecting glutamatergic cortical neuron'
 'lamp5 GABAergic cortical interneuron' 'microglial cell'
 'near-projecting glutamatergic cortical neuron' 'oligodendrocyte'
 'oligodendrocyte precursor cell' 'pvalb GABAergic cortical interneuron'
 'sncg GABAergic cortical interneuron'
 'sst GABAergic cortical interneuron' 'vascular leptomeningeal cell']",18,1149751,88,1936,13065,2,['dementia' 'normal']
13,6f7fd0f1-a2ed-4ff1-80d3-33dde731cbc3,"['L2/3-6 intratelencephalic projecting glutamatergic neuron'
 'L5 extratelencephalic projecting glutamatergic cortical neuron'
 'L6b glutamatergic cortical neuron' 'VIP GABAergic cortical interneuron'
 'astrocyte of the cerebral cortex'
 'caudal ganglionic eminence derived interneuron'
 'cerebral cortex endothelial cell'
 'chandelier pvalb GABAergic cortical interneuron'
 'corticothalamic-projecting glutamatergic cortical neuron'
 'lamp5 GABAergic cortical interneuron' 'microglial cell'
 'near-projecting glutamatergic cortical neuron' 'oligodendrocyte'
 'oligodendrocyte precursor cell' 'pvalb GABAergic cortical interneuron'
 'sncg GABAergic cortical interneuron'
 'sst GABAergic cortical interneuron' 'vascular leptomeningeal cell']",18,1309414,83,2496,15776,2,['dementia' 'normal']
14,5e717147-0f75-4de1-8bd2-6fda01b8d75f,"['central memory CD4-positive, alpha-beta T cell' 'classical monocyte'
 'conventional dendritic cell'
 'effector memory CD8-positive, alpha-beta T cell' 'gamma-delta T cell'
 'lymphocyte' 'memory B cell' 'mucosal invariant T cell' 'naive B cell'
 'naive thymus-derived CD4-positive, alpha-beta T cell'
 'naive thymus-derived CD8-positive, alpha-beta T cell'
 'natural killer cell' 'non-classical monocyte' 'plasmablast'
 'plasmacytoid dendritic cell, human' 'platelet' 'regulatory T cell'
 'transitional stage B cell']",18,87308,39,514,2239,2,['COVID-19' 'normal']
15,8fbed309-d3d4-441b-b3ff-e2dcbcec2d35,"['B cell' 'CD4-positive, alpha-beta T cell'
 'CD8-positive, alpha-beta T cell' 'capillary endothelial cell'
 'club cell' 'conventional dendritic cell' 'endothelial cell' 'fibroblast'
 'lung ciliated cell' 'macrophage' 'mast cell' 'monocyte'
 'natural killer cell' 'neutrophil' 'pulmonary alveolar type 1 cell'
 'pulmonary alveolar type 2 cell' 'smooth muscle cell'
 'vein endothelial cell']",18,56890,16,521,3556,2,['chronic obstructive pulmonary disease' 'normal']
16,9f222629-9e39-47d0-b83f-e08d610c7479,"['acinar cell' 'alveolar adventitial fibroblast' 'bronchial goblet cell'
 'club cell' 'conventional dendritic cell' 'dendritic cell'
 'epithelial cell of alveolus of lung' 'fibroblast' 'ionocyte'
 'mesothelial cell' 'mucus secreting cell'
 'multi-ciliated epithelial cell' 'myofibroblast cell'
 'plasmacytoid dendritic cell' 'serous secreting cell'
 'smooth muscle cell' 'tracheobronchial serous cell']",17,96881,289,923,335,8,"['COVID-19' 'chronic obstructive pulmonary disease' 'chronic rhinitis'
 'cystic fibrosis' 'hypersensitivity pneumonitis'
 'interstitial lung disease' 'lung adenocarcinoma' 'normal' 'pneumonia'
 'pulmonary fibrosis' 'squamous cell lung carcinoma']"
17,a37f857c-779f-464e-9310-3db43a1811e7,"['B cell' 'CD4-positive, alpha-beta T cell'
 'CD8-positive, alpha-beta T cell' 'T cell' 'conventional dendritic cell'
 'dendritic cell' 'innate lymphoid cell' 'intraepithelial lymphocyte'
 'macrophage' 'mast cell' 'monocyte' 'naive T cell' 'natural killer cell'
 'plasma cell' 'plasmacytoid dendritic cell' 'regulatory T cell' 'unknown']",17,201003,42,1137,4786,2,['Crohn disease' 'normal']
18,ebc2e1ff-c8f9-466a-acf4-9d291afaf8b3,"['B cell' 'CD4-positive, alpha-beta T cell'
 'CD8-positive, alpha-beta T cell' 'blood cell' 'classical monocyte'
 'dendritic cell' 'double negative T regulatory cell'
 'double-positive, alpha-beta thymocyte' 'gamma-delta T cell'
 'hematopoietic stem cell' 'megakaryocyte-erythroid progenitor cell'
 'mucosal invariant T cell' 'natural killer cell' 'non-classical monocyte'
 'plasmablast']",15,835724,124,1540,6740,3,['COVID-19' 'influenza' 'normal']
19,d18736c3-6292-4379-919a-d6d973204c87,"['CD4-positive, alpha-beta T cell'
 'CD8-positive, alpha-beta memory T cell'
 'central memory CD4-positive, alpha-beta T cell' 'classical monocyte'
 'effector memory CD4-positive, alpha-beta T cell'
 'effector memory CD8-positive, alpha-beta T cell, terminally differentiated'
 'gamma-delta T cell' 'memory B cell' 'myeloid dendritic cell'
 'naive B cell' 'naive thymus-derived CD4-positive, alpha-beta T cell'
 'naive thymus-derived CD8-positive, alpha-beta T cell'
 'natural killer cell' 'non-classical monocyte' 'plasmablast']",15,108717,36,595,3020,2,['normal' 'rheumatoid arthritis']
20,99950e99-2758-41d2-b2c9-643edcdf6d82,"['B cell' 'CD4-positive, alpha-beta T cell'
 'CD4-positive, alpha-beta cytotoxic T cell'
 'CD8-positive, alpha-beta T cell' 'T cell' 'T follicular helper cell'
 'effector CD8-positive, alpha-beta T cell' 'exhausted T cell'
 'mature NK T cell' 'myeloid cell'
 'naive thymus-derived CD4-positive, alpha-beta T cell'
 'naive thymus-derived CD8-positive, alpha-beta T cell'
 'plasmacytoid dendritic cell' 'regulatory T cell']",14,47248,23,563,2054,2,['follicular lymphoma' 'normal']
21,965386e9-1e4f-466d-bf59-ebdca4b66b9b,"['classical monocyte' 'common myeloid progenitor' 'dendritic cell'
 'hematopoietic stem cell' 'lymphocyte' 'megakaryocyte' 'memory B cell'
 'naive B cell' 'natural killer cell' 'non-classical monocyte'
 'plasma cell' 'plasmacytoid dendritic cell, human' 'small pre-B-II cell'
 'unknown']",14,91220,22,562,4146,2,['B-cell non-Hodgkin lymphoma' 'normal']
22,de2c780c-1747-40bd-9ccf-9588ec186cee,"['CD4-positive helper T cell' 'CD8-positive, alpha-beta T cell'
 'IgG memory B cell' 'IgG-negative class switched memory B cell'
 'blood cell' 'classical monocyte' 'dendritic cell'
 'effector CD4-positive, alpha-beta T cell'
 'effector CD8-positive, alpha-beta T cell' 'erythrocyte'
 'intermediate monocyte' 'natural killer cell' 'non-classical monocyte'
 'platelet']",14,59533,17,611,3502,3,['COVID-19' 'influenza' 'normal']
23,59b69042-47c2-47fd-ad03-d21beb99818f,"['CD4-positive, alpha-beta cytotoxic T cell'
 'central memory CD4-positive, alpha-beta T cell' 'classical monocyte'
 'conventional dendritic cell'
 'effector memory CD8-positive, alpha-beta T cell'
 'hematopoietic stem cell' 'naive B cell'
 'naive thymus-derived CD4-positive, alpha-beta T cell'
 'natural killer cell' 'non-classical monocyte'
 'plasmacytoid dendritic cell, human' 'platelet' 'regulatory T cell'
 'transitional stage B cell']",14,44276,12,570,3690,2,['COVID-19' 'normal']
24,5af90777-6760-4003-9dba-8f945fec6fdf,"['CD4-positive, CD25-positive, alpha-beta regulatory T cell'
 'IgA plasma cell' 'IgG plasma cell' 'class switched memory B cell'
 'effector memory CD4-positive, alpha-beta T cell'
 'epithelial cell of proximal tubule segment 3' 'innate lymphoid cell'
 'kidney loop of Henle ascending limb epithelial cell' 'mast cell'
 'naive B cell' 'naive thymus-derived CD4-positive, alpha-beta T cell'
 'naive thymus-derived CD8-positive, alpha-beta T cell'
 'plasmacytoid dendritic cell' 'unswitched memory B cell']",14,35735,12,465,2978,2,['nonpapillary renal cell carcinoma' 'normal']
25,a199ca73-035d-44e2-9893-4c493151db21,"['CD14-low, CD16-positive monocyte'
 'CD14-positive, CD16-negative classical monocyte'
 'CD16-negative, CD56-bright natural killer cell, human'
 'CD16-positive, CD56-dim natural killer cell, human'
 'CD4-positive, CD25-positive, alpha-beta regulatory T cell'
 'effector CD4-positive, alpha-beta T cell'
 'effector CD8-positive, alpha-beta T cell' 'gamma-delta T cell'
 'memory B cell' 'naive B cell'
 'naive thymus-derived CD4-positive, alpha-beta T cell'
 'naive thymus-derived CD8-positive, alpha-beta T cell'
 'plasmacytoid dendritic cell']",13,104714,20,511,5236,2,['juvenile dermatomyositis' 'normal']
26,574e9f9e-f8b4-41ef-bf19-89a9964fd9c7,"['CD1c-positive myeloid dendritic cell'
 'CD4-positive, alpha-beta thymocyte' 'basal cell of prostate epithelium'
 'dendritic cell' 'epithelial cell of urethra'
 'fibroblast of connective tissue of glandular part of prostate'
 'fibroblast of connective tissue of nonglandular part of prostate'
 'luminal cell of prostate epithelium' 'pericyte'
 'prostate gland microvascular endothelial cell' 'secretory cell'
 'smooth muscle cell of prostate' 'vascular associated smooth muscle cell']",13,73064,9,1363,8118,2,['benign prostatic hyperplasia' 'normal']
27,21d3e683-80a4-4d9b-bc89-ebb2df513dde,"['CD4-positive, alpha-beta memory T cell'
 'CD8-positive, alpha-beta memory T cell' 'double negative thymocyte'
 'gamma-delta T cell' 'memory B cell' 'memory T cell'
 'mucosal invariant T cell' 'naive B cell'
 'naive thymus-derived CD4-positive, alpha-beta T cell'
 'naive thymus-derived CD8-positive, alpha-beta T cell' 'plasmablast'
 'regulatory T cell']",12,246709,46,1166,5363,2,['COVID-19' 'normal']
28,df1edb87-e512-43ae-b5f4-cb179cfc2bb4,"['CD4-positive, alpha-beta T cell'
 'CD8-positive, alpha-beta cytotoxic T cell' 'IgA plasma cell'
 'IgG plasma cell' 'acinar cell of salivary gland'
 'alternatively activated macrophage' 'duct epithelial cell'
 'effector CD8-positive, alpha-beta T cell' 'endothelial cell'
 'fibroblast' 'inflammatory macrophage' 'myoepithelial cell']",12,91240,25,504,3650,2,['Sjogren syndrome' 'normal']
29,456e8b9b-f872-488b-871d-94534090a865,"['B cell' 'CD14-positive monocyte'
 'CD4-positive, alpha-beta memory T cell'
 'CD8-positive, alpha-beta memory T cell' 'IgA plasmablast'
 'effector CD8-positive, alpha-beta T cell' 'erythrocyte' 'granulocyte'
 'monocyte' 'naive T cell' 'natural killer cell' 'platelet']",12,40375,13,527,3106,2,['COVID-19' 'normal']
30,b6b5ea88-e092-46e4-b9c5-e93b52d5c195,"['B cell' 'CD4-positive, alpha-beta T cell'
 'CD8-positive, alpha-beta T cell' 'endothelial cell' 'epithelial cell'
 'fibroblast' 'mast cell' 'mural cell' 'myeloid cell'
 'natural killer cell' 'plasma cell' 'regulatory T cell']",12,81890,10,517,8189,2,['normal' 'oropharynx squamous cell carcinoma']
31,218acb0f-9f2f-4f76-b90b-15a4b7c7f629,"['B cell' 'CD4-positive, alpha-beta T cell'
 'CD8-positive, alpha-beta T cell' 'classical monocyte'
 'conventional dendritic cell' 'lymphocyte' 'natural killer cell'
 'non-classical monocyte' 'plasmablast' 'plasmacytoid dendritic cell'
 'progenitor cell']",11,1263676,261,807,4842,2,['normal' 'systemic lupus erythematosus']
32,9dbab10c-118d-496b-966a-67f1763a6b7d,"['B cell' 'CD14-positive, CD16-negative classical monocyte'
 'CD14-positive, CD16-positive monocyte' 'CD8-positive, alpha-beta T cell'
 'dendritic cell' 'mature alpha-beta T cell' 'mature gamma-delta T cell'
 'megakaryocyte' 'monocyte' 'natural killer cell' 'plasma cell']",11,1411390,195,8207,7238,2,['COVID-19' 'normal']
33,d3cb449b-c2b1-4b50-a7f1-21203535fe61,"['GABAergic neuron' 'astrocyte' 'central nervous system macrophage'
 'central nervous system neuron' 'endothelial cell' 'ependymal cell'
 'glutamatergic neuron' 'leukocyte' 'mural cell' 'oligodendrocyte'
 'oligodendrocyte precursor cell']",11,2096155,97,2361,21610,2,['Parkinson disease' 'normal']
34,01ad3cd7-3929-4654-84c0-6db05bd5fd59,"['B cell' 'CD4-positive, alpha-beta T cell'
 'CD8-positive, alpha-beta T cell' 'classical monocyte'
 'conventional dendritic cell' 'gamma-delta T cell' 'natural killer cell'
 'non-classical monocyte' 'plasmablast' 'plasmacytoid dendritic cell'
 'progenitor cell']",11,600929,80,2011,7512,3,['COVID-19' 'normal' 'respiratory system disorder']
35,f1606894-59df-4794-a37f-baa7c6fb6de1,"['Schwann cell' 'adipocyte' 'cardiac blood vessel endothelial cell'
 'cardiac muscle cell' 'endocardial cell' 'fibroblast' 'lymphocyte'
 'macrophage' 'mesothelial cell' 'pericyte' 'smooth muscle cell']",11,392819,54,2599,7274,2,['atrial fibrillation' 'normal']
36,8f4f8502-9170-4ac2-9707-3b6985ebfe5f,"['Schwann cell' 'adipocyte' 'cardiac blood vessel endothelial cell'
 'cardiac muscle cell' 'endocardial cell' 'fibroblast' 'lymphocyte'
 'macrophage' 'mesothelial cell' 'pericyte' 'smooth muscle cell']",11,220155,46,1582,4786,2,['atrial fibrillation' 'normal']
37,1c739a3e-c3f5-49d5-98e0-73975e751201,"['cardiac endothelial cell' 'cardiac muscle myoblast'
 'fibroblast of cardiac tissue' 'immature innate lymphoid cell'
 'lymphoid lineage restricted progenitor cell' 'mast cell'
 'neuronal receptor cell' 'pericyte' 'smooth muscle myoblast' 'unknown']",10,191272,20,719,9564,2,['myocardial infarction' 'normal']
38,8e47ed12-c658-4252-b126-381df8d52a3d,"['B cell' 'CD4-positive, alpha-beta T cell' 'IgA plasma cell'
 'IgG plasma cell' 'enterocyte' 'fibroblast' 'intestinal crypt stem cell'
 'intestine goblet cell' 'memory B cell' 'transit amplifying cell']",10,17936,15,600,1196,2,['Crohn disease' 'normal']
39,242c6e7f-9016-4048-af70-d631f5eea188,"['B cell' 'CD4-positive, alpha-beta T cell'
 'CD8-positive, alpha-beta T cell' 'T cell' 'dendritic cell'
 'gamma-delta T cell' 'monocyte' 'mucosal invariant T cell'
 'natural killer cell' 'stem cell']",10,195632,14,827,13974,2,['COVID-19' 'normal']
40,30cd5311-6c09-46c9-94f1-71fe4b91813c,"['CD16-negative, CD56-bright natural killer cell, human'
 'CD16-positive, CD56-dim natural killer cell, human' 'classical monocyte'
 'conventional dendritic cell' 'granulocyte' 'natural killer cell'
 'non-classical monocyte' 'plasmacytoid dendritic cell' 'platelet']",9,124759,46,776,2712,2,['COVID-19' 'normal']
41,576f193c-75d0-4a11-bd25-8676587e6dc2,"['B cell' 'T cell' 'dendritic cell' 'endothelial cell' 'epithelial cell'
 'fibroblast' 'macrophage' 'mast cell' 'neutrophil']",9,146366,42,1084,3485,3,['lung adenocarcinoma' 'normal' 'small cell lung carcinoma']
42,37b21763-7f0f-41ae-9001-60bad6e2841d,"['PP cell' 'endothelial cell' 'pancreatic A cell' 'pancreatic D cell'
 'pancreatic acinar cell' 'pancreatic ductal cell'
 'pancreatic stellate cell' 'type B pancreatic cell' 'unknown']",9,69444,24,761,2894,2,['normal' 'type 1 diabetes mellitus']
43,b3a5a10f-b1cb-4e8e-abce-bf345448625b,"['CD16-positive, CD56-dim natural killer cell, human'
 'CD4-positive, alpha-beta memory T cell'
 'CD8-positive, alpha-beta memory T cell'
 'central memory CD8-positive, alpha-beta T cell'
 'conventional dendritic cell' 'early promyelocyte'
 'effector memory CD8-positive, alpha-beta T cell' 'late promyelocyte'
 'myelocyte']",9,15935,15,690,1062,2,['acute myeloid leukemia' 'acute promyelocytic leukemia']
44,c893ddc3-f25b-45e2-8c9e-155918b4261c,"['astrocyte' 'direct pathway medium spiny neuron' 'endothelial cell'
 'indirect pathway medium spiny neuron' 'inhibitory interneuron'
 'medium spiny neuron' 'microglial cell' 'oligodendrocyte'
 'oligodendrocyte precursor cell']",9,98605,12,581,8217,2,['normal' 'opiate dependence']
45,0b75c598-0893-4216-afe8-5414cab7739d,"['T cell' 'endothelial cell' 'epithelial cell of proximal tubule'
 'kidney collecting duct intercalated cell'
 'kidney collecting duct principal cell'
 'kidney connecting tubule epithelial cell'
 'kidney distal convoluted tubule epithelial cell'
 'kidney interstitial fibroblast'
 'kidney loop of Henle thick ascending limb epithelial cell']",9,24611,7,511,3516,2,['acute kidney failure' 'chronic kidney disease']
46,1e5bd3b8-6a0e-4959-8d69-cafed30fe814,"['B cell' 'T cell' 'alveolar macrophage' 'dendritic cell' 'macrophage'
 'mast cell' 'monocyte' 'natural killer cell' 'plasma cell']",9,35699,6,628,5950,2,['normal' 'pulmonary emphysema']
47,4a5b00e0-1ba3-4fd4-af89-d3512eb20720,"['B cell' 'antibody secreting cell' 'dendritic cell'
 'hematopoietic multipotent progenitor cell'
 'hematopoietic precursor cell' 'lymphocyte' 'monocyte' 'unknown']",8,515761,107,458,4820,4,"['hematologic disorder' 'myelodysplastic syndrome'
 'myelodysplastic/myeloproliferative disease' 'normal']"
48,7b20c613-9add-43d1-87e9-defd3d9b9f8c,"['CD8-positive, CD28-negative, alpha-beta regulatory T cell' 'T cell'
 'central memory CD8-positive, alpha-beta T cell' 'endothelial cell'
 'fibroblast' 'malignant cell' 'myeloid cell' 'regulatory T cell']",8,275904,105,7467,2628,7,"['HER2 positive breast carcinoma' 'basal cell carcinoma'
 'estrogen-receptor positive breast cancer' 'melanoma'
 'metastatic melanoma' 'nonpapillary renal cell carcinoma'
 'squamous cell carcinoma' 'triple-negative breast carcinoma']"
49,fe4b89d5-461e-440c-a5a8-621b37b122c0,"['brush cell' 'enterocyte' 'epithelial cell' 'goblet cell' 'paneth cell'
 'stem cell' 'type EC enteroendocrine cell' 'type L enteroendocrine cell']",8,154136,42,686,3670,2,['Crohn disease' 'normal']
50,ac0c6561-7a48-4185-af6f-af799f699172,"['astrocyte' 'endothelial cell of vascular tree' 'glutamatergic neuron'
 'inhibitory interneuron' 'microglial cell' 'oligodendrocyte'
 'oligodendrocyte precursor cell' 'pericyte']",8,432276,40,2570,10807,4,"['Alzheimer disease' 'Pick disease' 'normal'
 'progressive supranuclear palsy']"
51,518d9049-2a76-44f8-8abc-1e2b59ab5ba1,"['B cell' 'CD4-positive, alpha-beta T cell' 'conventional dendritic cell'
 'leukocyte' 'macrophage' 'mast cell' 'plasma cell'
 'plasmacytoid dendritic cell']",8,82015,22,625,3728,2,['Crohn disease' 'normal']
52,d9f3a82c-24bb-4277-b715-8ec92a33dd32,"['B cell' 'dendritic cell' 'hematopoietic multipotent progenitor cell'
 'hematopoietic precursor cell' 'lymphocyte' 'monocyte' 'unknown']",7,495310,132,3139,3752,4,"['hematologic disorder' 'myelodysplastic syndrome'
 'myelodysplastic/myeloproliferative disease' 'normal']"
53,19e46756-9100-4e01-8b0e-23b557558a4c,"['B cell' 'CD14-positive monocyte'
 'CD16-positive, CD56-dim natural killer cell, human'
 'CD4-positive, alpha-beta T cell' 'CD8-positive, alpha-beta T cell'
 'natural killer cell' 'platelet']",7,66161,24,505,2757,2,['clonal hematopoiesis' 'normal']
54,3966ba97-beb8-4d0b-9954-d3775cd2cd61,"['Hofbauer cell' 'endothelial cell of placenta' 'extravillous trophoblast'
 'fibroblast' 'macrophage' 'perivascular cell'
 'placental villous trophoblast']",7,158978,20,6128,7949,4,['Plasmodium malariae malaria' 'listeriosis' 'normal' 'toxoplasmosis']
55,6c600df6-ddca-4628-a8bb-1d6de1e3f9b4,"['GABAergic neuron' 'endothelial cell' 'glutamatergic neuron'
 'mature astrocyte' 'mature microglial cell' 'oligodendrocyte'
 'oligodendrocyte precursor cell']",7,63608,10,1397,6361,2,['Alzheimer disease' 'normal']
56,2727d83a-0af0-443a-bff8-58dc7028289a,"['GABAergic neuron' 'endothelial cell' 'glutamatergic neuron'
 'mature astrocyte' 'mature microglial cell' 'oligodendrocyte'
 'oligodendrocyte precursor cell']",7,42528,10,730,4253,2,['Alzheimer disease' 'normal']
57,4b6af54a-4a21-46e0-bc8d-673c0561a836,"['endothelial cell' 'endothelial cell of lymphatic vessel'
 'epithelial cell of lower respiratory tract' 'fibroblast'
 'pulmonary alveolar type 1 cell' 'pulmonary alveolar type 2 cell'
 'smooth muscle cell']",7,17945,6,673,2991,2,['normal' 'pulmonary emphysema']
58,6a270451-b4d9-43e0-aa89-e33aac1ac74b,['B cell' 'T cell' 'fibroblast' 'mast cell' 'myeloid cell' 'plasma cell'],6,10094,58,455,174,6,"['colon sessile serrated adenoma/polyp' 'colorectal cancer'
 'hyperplastic polyp' 'normal' 'tubular adenoma' 'tubulovillous adenoma']"
59,cff99df2-4904-44f7-9173-ff837f95606e,"['GABAergic neuron' 'astrocyte' 'glutamatergic neuron' 'microglial cell'
 'oligodendrocyte' 'oligodendrocyte precursor cell']",6,417415,46,5070,9074,2,['Alzheimer disease' 'normal']
60,0f4865d5-8000-4f68-8ac7-f5efea9e5e70,"['endothelial cell' 'fibroblast' 'glial cell' 'lymphocyte'
 'myofibroblast cell' 'pericyte']",6,75695,40,2617,1892,2,['Crohn disease' 'normal']
61,98f5d518-1e60-4307-b732-ab045cd3cbc2,"['astrocyte' 'endothelial cell' 'microglial cell' 'neuron'
 'oligodendrocyte' 'oligodendrocyte precursor cell']",6,160658,21,1614,7650,3,"['amyotrophic lateral sclerosis'
 'amyotrophic lateral sclerosis 26 with or without frontotemporal dementia'
 'normal']"
62,0bc7235a-ae5a-479d-a487-510435377e55,"['astrocyte' 'endothelial cell' 'microglial cell' 'neuron'
 'oligodendrocyte' 'oligodendrocyte precursor cell']",6,120807,21,1245,5753,3,"['amyotrophic lateral sclerosis'
 'amyotrophic lateral sclerosis 26 with or without frontotemporal dementia'
 'normal']"
63,3b8b5de4-3aa1-4ac6-8890-8d03c8219981,"['astrocyte' 'endothelial cell' 'microglial cell' 'neuron'
 'oligodendrocyte' 'oligodendrocyte precursor cell']",6,113106,16,3074,7069,2,['frontotemporal dementia' 'normal']
64,e6361237-ac4e-4c5d-ad8f-f16aca0c0a8f,"['astrocyte' 'endothelial cell' 'microglial cell' 'neuron'
 'oligodendrocyte' 'oligodendrocyte precursor cell']",6,66719,14,868,4766,2,['frontotemporal dementia' 'normal']
65,6cf3634d-e911-44ad-bf52-c747a9af3c01,"['endothelial cell' 'fibroblast' 'glial cell' 'myofibroblast cell'
 'pericyte']",5,30063,22,942,1366,2,['Crohn disease' 'normal']
66,87a06a2a-16c6-42f7-af1b-529fad431051,"['endothelial cell' 'fibroblast' 'lymphocyte' 'mononuclear phagocyte'
 'mural cell']",5,40860,12,2434,3405,2,['atrial fibrillation' 'normal']
67,dc30c3ec-46d6-4cd8-8ec1-b544a3d0f503,['astrocyte' 'endothelial cell' 'neuron' 'oligodendrocyte' 'pericyte'],5,15874,9,585,1764,2,['multiple sclerosis' 'normal']
68,13b61a7d-5605-4948-ba48-02c588960143,"['CD8-positive, alpha-beta T cell' 'basal cell' 'erythroblast'
 'multi-ciliated epithelial cell']",4,4396,50,535,88,3,['COVID-19' 'normal' 'respiratory failure']
69,5ce42b38-d867-487f-9b40-e8bb00b21d0b,['enterocyte' 'epithelial cell' 'goblet cell' 'stem cell'],4,66253,22,5335,3012,2,['Crohn disease' 'normal']
70,d6dfdef1-406d-4efb-808c-3c5eddbfe0cb,"['brush cell' 'intestinal enteroendocrine cell'
 'intestinal epithelial cell']",3,2726,26,505,105,4,"['colon sessile serrated adenoma/polyp' 'colorectal cancer' 'normal'
 'tubular adenoma']"
71,e22482ee-19e8-40bc-9f6e-541dc3c82c20,['macrophage' 'plasma cell'],2,52772,66,863,800,2,['normal' 'plasma cell myeloma']
72,65badd7a-9262-4fd1-9ce2-eb5dc0ca8039,['adipocyte' 'mast cell'],2,2630,61,964,43,3,"['arrhythmogenic right ventricular cardiomyopathy'
 'dilated cardiomyopathy' 'normal']"
73,e40c6272-af77-4a10-9385-62a398884f27,['intestinal crypt stem cell of colon' 'intestinal epithelial cell'],2,3564,27,1216,132,4,"['colon sessile serrated adenoma/polyp' 'hyperplastic polyp' 'normal'
 'tubular adenoma']"
